{
  "written_at": "2026-03-31T11:59:52.455292Z",
  "columns": {
    "processing_time_ms": {
      "mean": 2943.019801980198,
      "stddev": 1205.8068579629196
    },
    "token_count_input": {
      "mean": 4891.574257425743,
      "stddev": 1619.4424895764175
    },
    "token_count_output": {
      "mean": 940.6435643564356,
      "stddev": 348.9518373061983
    },
    "fact_confidence": {
      "mean": 0.8210891089108912,
      "stddev": 0.09861630747345755
    },
    "fact_page_ref": {
      "mean": 11.095744680851064,
      "stddev": 5.3208683078457035
    }
  }
}