{
  "written_at": "2026-04-01T11:15:29.122614Z",
  "columns": {
    "processing_time_ms": {
      "mean": 2943.019801980198,
      "stddev": 1205.8068579629196
    },
    "token_count_input": {
      "mean": 4891.574257425743,
      "stddev": 1619.4424895764175
    },
    "token_count_output": {
      "mean": 940.6435643564356,
      "stddev": 348.9518373061983
    },
    "fact_confidence": {
      "mean": 0.8210891089108912,
      "stddev": 0.09861630747345755
    },
    "fact_page_ref": {
      "mean": 11.095744680851064,
      "stddev": 5.3208683078457035
    },
    "ref_line_start": {
      "mean": 64.66666666666667,
      "stddev": 50.60212162196046
    },
    "ref_line_end": {
      "mean": 124.53333333333333,
      "stddev": 45.275960991216536
    },
    "ref_confidence": {
      "mean": 0.7806666666666667,
      "stddev": 0.08669937490660126
    },
    "sequence_number": {
      "mean": 24.2,
      "stddev": 19.75700484654314
    },
    "payload_item_count": {
      "mean": 49.675,
      "stddev": 30.018043097317406
    },
    "outputs_confidence": {
      "mean": 0.7973333333333332,
      "stddev": 0.1297176420795054
    },
    "latency_ms": {
      "mean": 3879.95,
      "stddev": 2253.043165572334
    },
    "total_tokens": {
      "mean": 3012.75,
      "stddev": 1697.3674095143208
    },
    "prompt_tokens": {
      "mean": 2122.7833333333333,
      "stddev": 1149.78801423724
    },
    "completion_tokens": {
      "mean": 1031.1,
      "stddev": 537.698223598532
    },
    "feedback_score": {
      "mean": 0.5454545454545454,
      "stddev": 0.5056498968474316
    }
  }
}