{
  "written_at": "2026-04-02T14:44:41.623811Z",
  "columns": {
    "ref_line_start": {
      "mean": 38.03225806451613,
      "stddev": 77.68032091890788
    },
    "ref_line_end": {
      "mean": 72.25806451612904,
      "stddev": 89.33978872519435
    },
    "ref_confidence": {
      "mean": 0.8551612903225806,
      "stddev": 0.04979096087590835
    }
  }
}