{
  "written_at": "2026-04-02T14:44:44.748804Z",
  "columns": {
    "overall_score": {
      "mean": 3.0100000000000002,
      "stddev": 0.6103493391406872
    },
    "confidence": {
      "mean": 0.8705,
      "stddev": 0.07619055059520174
    }
  }
}